<?xml version="1.0" encoding="UTF-8" standalone="yes"?>
<addons>
  <addon id="plugin.video.VideoIzleIPTV"
         name="VideoIzleIPTV"
         version="0.0.2"
provider-name="xbmc-VideoIzleIPTV">
    <requires>
      <import addon="xbmc.metadata" version="1.0"/>
    </requires>
    <extension point="xbmc.python.pluginsource" library="IPTV.py">
      <provides>video</provides>
    </extension>
    <extension point="xbmc.addon.metadata">
      <summary>VideoIzleIPTV Team Sunar</summary>
      <description>VideoIzleIPTV IPTV .</description>
      <disclaimer>VideoIzleIPTV Eklentisi sürekli güncellenmekte ve yeni kanallar eklenmektedir.</disclaimer>
      <platform>all</platform>
    </extension>
  </addon>
  <addon id="repository.VideoIzleIPTV" name="VideoIzleIPTV" version="1.0.6" provider-name="VideoIzleIPTV">
    <extension point="xbmc.addon.repository" name="VideoIzleIPTV Addons">
      <info compressed="false">https://raw.githubusercontent.com/video-izle/xmbc-kodi/master/addons.xml</info>
      <checksum>https://raw.githubusercontent.com/video-izle/xmbc-kodi/master/addons.xml.md5</checksum>
      <datadir zip="true">https://raw.githubusercontent.com/video-izle/xmbc-kodi/master</datadir>
    </extension>
    <extension point="xbmc.addon.metadata">
      <summary>VideoIzleIPTV Team Sunar</summary>
      <description>VideoIzleIPTV Team Sunar</description>
      <disclaimer>VideoIzleIPTV Team Sunar</disclaimer>
      <platform>all</platform>
    </extension>
  </addon>
</addons>
